sample_id,speaker_id,speaker_name,accent_gender,category,flaw_type,severity_tier,audio_file,transcript_file,alignment_file,features_file,paired_baseline_audio,flaw_start_sec,flaw_end_sec,flaw_duration_sec,total_duration_sec,flaw_description
speech_01_ideal,speech_01,Michelle Obama,US English (Female),Ideal Baseline,none,L0,dataset/speech_01/ideal.wav,dataset/speech_01/transcript.txt,dataset/speech_01/ideal.aligned.json,dataset/speech_01/ideal.features.json,dataset/speech_01/ideal.wav,0.0,0.0,0.0,60.0,Reference exemplar cadence and prosody baseline
speech_01_pause_L1,speech_01,Michelle Obama,US English (Female),Contrastive Flaw,errant_pause,L1,dataset/speech_01/flawed_pause_L1.wav,dataset/speech_01/transcript.txt,dataset/speech_01/flawed_pause_L1.aligned.json,dataset/speech_01/flawed_pause_L1.features.json,dataset/speech_01/ideal.wav,18.0,19.2,1.2,61.2,Mild hesitation: 1.20s unnatural pause inserted mid-clause
speech_01_pause_L2,speech_01,Michelle Obama,US English (Female),Contrastive Flaw,errant_pause,L2,dataset/speech_01/flawed_pause_L2.wav,dataset/speech_01/transcript.txt,dataset/speech_01/flawed_pause_L2.aligned.json,dataset/speech_01/flawed_pause_L2.features.json,dataset/speech_01/ideal.wav,18.0,20.2,2.2,62.2,Moderate disruption: 2.20s disfluent hesitation interrupting syntax
speech_01_pause_L3,speech_01,Michelle Obama,US English (Female),Contrastive Flaw,errant_pause,L3,dataset/speech_01/flawed_pause_L3.wav,dataset/speech_01/transcript.txt,dataset/speech_01/flawed_pause_L3.aligned.json,dataset/speech_01/flawed_pause_L3.features.json,dataset/speech_01/ideal.wav,18.0,21.8,3.8,63.8,Severe cadence breakdown: 3.80s dead air arresting rhetorical flow
speech_01_rushed_L1,speech_01,Michelle Obama,US English (Female),Contrastive Flaw,rushed_delivery,L1,dataset/speech_01/flawed_rushed_L1.wav,dataset/speech_01/transcript.txt,dataset/speech_01/flawed_rushed_L1.aligned.json,dataset/speech_01/flawed_rushed_L1.features.json,dataset/speech_01/ideal.wav,25.0,28.85,3.85,58.85,Mild acceleration: 1.30x speedup across sentence core
speech_01_rushed_L2,speech_01,Michelle Obama,US English (Female),Contrastive Flaw,rushed_delivery,L2,dataset/speech_01/flawed_rushed_L2.wav,dataset/speech_01/transcript.txt,dataset/speech_01/flawed_rushed_L2.aligned.json,dataset/speech_01/flawed_rushed_L2.features.json,dataset/speech_01/ideal.wav,25.0,28.12,3.12,58.12,Moderate compression: 1.60x speedup causing syllabic slur
speech_01_rushed_L3,speech_01,Michelle Obama,US English (Female),Contrastive Flaw,rushed_delivery,L3,dataset/speech_01/flawed_rushed_L3.wav,dataset/speech_01/transcript.txt,dataset/speech_01/flawed_rushed_L3.aligned.json,dataset/speech_01/flawed_rushed_L3.features.json,dataset/speech_01/ideal.wav,25.0,27.37,2.37,57.37,Severe rush: 2.10x frantic pace degrading consonant articulation
speech_01_monotone_L1,speech_01,Michelle Obama,US English (Female),Contrastive Flaw,monotone_pitch,L1,dataset/speech_01/flawed_monotone_L1.wav,dataset/speech_01/transcript.txt,dataset/speech_01/flawed_monotone_L1.aligned.json,dataset/speech_01/flawed_monotone_L1.features.json,dataset/speech_01/ideal.wav,32.0,38.0,6.0,60.0,Mild pitch flattening: F0 standard deviation compressed to 55%
speech_01_monotone_L2,speech_01,Michelle Obama,US English (Female),Contrastive Flaw,monotone_pitch,L2,dataset/speech_01/flawed_monotone_L2.wav,dataset/speech_01/transcript.txt,dataset/speech_01/flawed_monotone_L2.aligned.json,dataset/speech_01/flawed_monotone_L2.features.json,dataset/speech_01/ideal.wav,32.0,38.0,6.0,60.0,Moderate robotic delivery: F0 standard deviation compressed to 30%
speech_01_monotone_L3,speech_01,Michelle Obama,US English (Female),Contrastive Flaw,monotone_pitch,L3,dataset/speech_01/flawed_monotone_L3.wav,dataset/speech_01/transcript.txt,dataset/speech_01/flawed_monotone_L3.aligned.json,dataset/speech_01/flawed_monotone_L3.features.json,dataset/speech_01/ideal.wav,32.0,38.0,6.0,60.0,Severe affective collapse: F0 clamped to rigid flatline (10% variance)
speech_02_ideal,speech_02,Sudha Murty,Indian English (Female),Ideal Baseline,none,L0,dataset/speech_02/ideal.wav,dataset/speech_02/transcript.txt,dataset/speech_02/ideal.aligned.json,dataset/speech_02/ideal.features.json,dataset/speech_02/ideal.wav,0.0,0.0,0.0,60.0,Reference exemplar cadence and prosody baseline
speech_02_pause_L1,speech_02,Sudha Murty,Indian English (Female),Contrastive Flaw,errant_pause,L1,dataset/speech_02/flawed_pause_L1.wav,dataset/speech_02/transcript.txt,dataset/speech_02/flawed_pause_L1.aligned.json,dataset/speech_02/flawed_pause_L1.features.json,dataset/speech_02/ideal.wav,18.0,19.2,1.2,61.2,Mild hesitation: 1.20s unnatural pause inserted mid-clause
speech_02_pause_L2,speech_02,Sudha Murty,Indian English (Female),Contrastive Flaw,errant_pause,L2,dataset/speech_02/flawed_pause_L2.wav,dataset/speech_02/transcript.txt,dataset/speech_02/flawed_pause_L2.aligned.json,dataset/speech_02/flawed_pause_L2.features.json,dataset/speech_02/ideal.wav,18.0,20.2,2.2,62.2,Moderate disruption: 2.20s disfluent hesitation interrupting syntax
speech_02_pause_L3,speech_02,Sudha Murty,Indian English (Female),Contrastive Flaw,errant_pause,L3,dataset/speech_02/flawed_pause_L3.wav,dataset/speech_02/transcript.txt,dataset/speech_02/flawed_pause_L3.aligned.json,dataset/speech_02/flawed_pause_L3.features.json,dataset/speech_02/ideal.wav,18.0,21.8,3.8,63.8,Severe cadence breakdown: 3.80s dead air arresting rhetorical flow
speech_02_rushed_L1,speech_02,Sudha Murty,Indian English (Female),Contrastive Flaw,rushed_delivery,L1,dataset/speech_02/flawed_rushed_L1.wav,dataset/speech_02/transcript.txt,dataset/speech_02/flawed_rushed_L1.aligned.json,dataset/speech_02/flawed_rushed_L1.features.json,dataset/speech_02/ideal.wav,25.0,28.85,3.85,58.85,Mild acceleration: 1.30x speedup across sentence core
speech_02_rushed_L2,speech_02,Sudha Murty,Indian English (Female),Contrastive Flaw,rushed_delivery,L2,dataset/speech_02/flawed_rushed_L2.wav,dataset/speech_02/transcript.txt,dataset/speech_02/flawed_rushed_L2.aligned.json,dataset/speech_02/flawed_rushed_L2.features.json,dataset/speech_02/ideal.wav,25.0,28.12,3.12,58.12,Moderate compression: 1.60x speedup causing syllabic slur
speech_02_rushed_L3,speech_02,Sudha Murty,Indian English (Female),Contrastive Flaw,rushed_delivery,L3,dataset/speech_02/flawed_rushed_L3.wav,dataset/speech_02/transcript.txt,dataset/speech_02/flawed_rushed_L3.aligned.json,dataset/speech_02/flawed_rushed_L3.features.json,dataset/speech_02/ideal.wav,25.0,27.37,2.37,57.37,Severe rush: 2.10x frantic pace degrading consonant articulation
speech_02_monotone_L1,speech_02,Sudha Murty,Indian English (Female),Contrastive Flaw,monotone_pitch,L1,dataset/speech_02/flawed_monotone_L1.wav,dataset/speech_02/transcript.txt,dataset/speech_02/flawed_monotone_L1.aligned.json,dataset/speech_02/flawed_monotone_L1.features.json,dataset/speech_02/ideal.wav,32.0,38.0,6.0,60.0,Mild pitch flattening: F0 standard deviation compressed to 55%
speech_02_monotone_L2,speech_02,Sudha Murty,Indian English (Female),Contrastive Flaw,monotone_pitch,L2,dataset/speech_02/flawed_monotone_L2.wav,dataset/speech_02/transcript.txt,dataset/speech_02/flawed_monotone_L2.aligned.json,dataset/speech_02/flawed_monotone_L2.features.json,dataset/speech_02/ideal.wav,32.0,38.0,6.0,60.0,Moderate robotic delivery: F0 standard deviation compressed to 30%
speech_02_monotone_L3,speech_02,Sudha Murty,Indian English (Female),Contrastive Flaw,monotone_pitch,L3,dataset/speech_02/flawed_monotone_L3.wav,dataset/speech_02/transcript.txt,dataset/speech_02/flawed_monotone_L3.aligned.json,dataset/speech_02/flawed_monotone_L3.features.json,dataset/speech_02/ideal.wav,32.0,38.0,6.0,60.0,Severe affective collapse: F0 clamped to rigid flatline (10% variance)
speech_03_ideal,speech_03,Emma Watson,British English (Female),Ideal Baseline,none,L0,dataset/speech_03/ideal.wav,dataset/speech_03/transcript.txt,dataset/speech_03/ideal.aligned.json,dataset/speech_03/ideal.features.json,dataset/speech_03/ideal.wav,0.0,0.0,0.0,60.0,Reference exemplar cadence and prosody baseline
speech_03_pause_L1,speech_03,Emma Watson,British English (Female),Contrastive Flaw,errant_pause,L1,dataset/speech_03/flawed_pause_L1.wav,dataset/speech_03/transcript.txt,dataset/speech_03/flawed_pause_L1.aligned.json,dataset/speech_03/flawed_pause_L1.features.json,dataset/speech_03/ideal.wav,18.0,19.2,1.2,61.2,Mild hesitation: 1.20s unnatural pause inserted mid-clause
speech_03_pause_L2,speech_03,Emma Watson,British English (Female),Contrastive Flaw,errant_pause,L2,dataset/speech_03/flawed_pause_L2.wav,dataset/speech_03/transcript.txt,dataset/speech_03/flawed_pause_L2.aligned.json,dataset/speech_03/flawed_pause_L2.features.json,dataset/speech_03/ideal.wav,18.0,20.2,2.2,62.2,Moderate disruption: 2.20s disfluent hesitation interrupting syntax
speech_03_pause_L3,speech_03,Emma Watson,British English (Female),Contrastive Flaw,errant_pause,L3,dataset/speech_03/flawed_pause_L3.wav,dataset/speech_03/transcript.txt,dataset/speech_03/flawed_pause_L3.aligned.json,dataset/speech_03/flawed_pause_L3.features.json,dataset/speech_03/ideal.wav,18.0,21.8,3.8,63.8,Severe cadence breakdown: 3.80s dead air arresting rhetorical flow
speech_03_rushed_L1,speech_03,Emma Watson,British English (Female),Contrastive Flaw,rushed_delivery,L1,dataset/speech_03/flawed_rushed_L1.wav,dataset/speech_03/transcript.txt,dataset/speech_03/flawed_rushed_L1.aligned.json,dataset/speech_03/flawed_rushed_L1.features.json,dataset/speech_03/ideal.wav,25.0,28.85,3.85,58.85,Mild acceleration: 1.30x speedup across sentence core
speech_03_rushed_L2,speech_03,Emma Watson,British English (Female),Contrastive Flaw,rushed_delivery,L2,dataset/speech_03/flawed_rushed_L2.wav,dataset/speech_03/transcript.txt,dataset/speech_03/flawed_rushed_L2.aligned.json,dataset/speech_03/flawed_rushed_L2.features.json,dataset/speech_03/ideal.wav,25.0,28.12,3.12,58.12,Moderate compression: 1.60x speedup causing syllabic slur
speech_03_rushed_L3,speech_03,Emma Watson,British English (Female),Contrastive Flaw,rushed_delivery,L3,dataset/speech_03/flawed_rushed_L3.wav,dataset/speech_03/transcript.txt,dataset/speech_03/flawed_rushed_L3.aligned.json,dataset/speech_03/flawed_rushed_L3.features.json,dataset/speech_03/ideal.wav,25.0,27.37,2.37,57.37,Severe rush: 2.10x frantic pace degrading consonant articulation
speech_03_monotone_L1,speech_03,Emma Watson,British English (Female),Contrastive Flaw,monotone_pitch,L1,dataset/speech_03/flawed_monotone_L1.wav,dataset/speech_03/transcript.txt,dataset/speech_03/flawed_monotone_L1.aligned.json,dataset/speech_03/flawed_monotone_L1.features.json,dataset/speech_03/ideal.wav,32.0,38.0,6.0,60.0,Mild pitch flattening: F0 standard deviation compressed to 55%
speech_03_monotone_L2,speech_03,Emma Watson,British English (Female),Contrastive Flaw,monotone_pitch,L2,dataset/speech_03/flawed_monotone_L2.wav,dataset/speech_03/transcript.txt,dataset/speech_03/flawed_monotone_L2.aligned.json,dataset/speech_03/flawed_monotone_L2.features.json,dataset/speech_03/ideal.wav,32.0,38.0,6.0,60.0,Moderate robotic delivery: F0 standard deviation compressed to 30%
speech_03_monotone_L3,speech_03,Emma Watson,British English (Female),Contrastive Flaw,monotone_pitch,L3,dataset/speech_03/flawed_monotone_L3.wav,dataset/speech_03/transcript.txt,dataset/speech_03/flawed_monotone_L3.aligned.json,dataset/speech_03/flawed_monotone_L3.features.json,dataset/speech_03/ideal.wav,32.0,38.0,6.0,60.0,Severe affective collapse: F0 clamped to rigid flatline (10% variance)
speech_04_ideal,speech_04,Dr. Shashi Tharoor,Indian English (Male),Ideal Baseline,none,L0,dataset/speech_04/ideal.wav,dataset/speech_04/transcript.txt,dataset/speech_04/ideal.aligned.json,dataset/speech_04/ideal.features.json,dataset/speech_04/ideal.wav,0.0,0.0,0.0,60.0,Reference exemplar cadence and prosody baseline
speech_04_pause_L1,speech_04,Dr. Shashi Tharoor,Indian English (Male),Contrastive Flaw,errant_pause,L1,dataset/speech_04/flawed_pause_L1.wav,dataset/speech_04/transcript.txt,dataset/speech_04/flawed_pause_L1.aligned.json,dataset/speech_04/flawed_pause_L1.features.json,dataset/speech_04/ideal.wav,18.0,19.2,1.2,61.2,Mild hesitation: 1.20s unnatural pause inserted mid-clause
speech_04_pause_L2,speech_04,Dr. Shashi Tharoor,Indian English (Male),Contrastive Flaw,errant_pause,L2,dataset/speech_04/flawed_pause_L2.wav,dataset/speech_04/transcript.txt,dataset/speech_04/flawed_pause_L2.aligned.json,dataset/speech_04/flawed_pause_L2.features.json,dataset/speech_04/ideal.wav,18.0,20.2,2.2,62.2,Moderate disruption: 2.20s disfluent hesitation interrupting syntax
speech_04_pause_L3,speech_04,Dr. Shashi Tharoor,Indian English (Male),Contrastive Flaw,errant_pause,L3,dataset/speech_04/flawed_pause_L3.wav,dataset/speech_04/transcript.txt,dataset/speech_04/flawed_pause_L3.aligned.json,dataset/speech_04/flawed_pause_L3.features.json,dataset/speech_04/ideal.wav,18.0,21.8,3.8,63.8,Severe cadence breakdown: 3.80s dead air arresting rhetorical flow
speech_04_rushed_L1,speech_04,Dr. Shashi Tharoor,Indian English (Male),Contrastive Flaw,rushed_delivery,L1,dataset/speech_04/flawed_rushed_L1.wav,dataset/speech_04/transcript.txt,dataset/speech_04/flawed_rushed_L1.aligned.json,dataset/speech_04/flawed_rushed_L1.features.json,dataset/speech_04/ideal.wav,25.0,28.85,3.85,58.85,Mild acceleration: 1.30x speedup across sentence core
speech_04_rushed_L2,speech_04,Dr. Shashi Tharoor,Indian English (Male),Contrastive Flaw,rushed_delivery,L2,dataset/speech_04/flawed_rushed_L2.wav,dataset/speech_04/transcript.txt,dataset/speech_04/flawed_rushed_L2.aligned.json,dataset/speech_04/flawed_rushed_L2.features.json,dataset/speech_04/ideal.wav,25.0,28.12,3.12,58.12,Moderate compression: 1.60x speedup causing syllabic slur
speech_04_rushed_L3,speech_04,Dr. Shashi Tharoor,Indian English (Male),Contrastive Flaw,rushed_delivery,L3,dataset/speech_04/flawed_rushed_L3.wav,dataset/speech_04/transcript.txt,dataset/speech_04/flawed_rushed_L3.aligned.json,dataset/speech_04/flawed_rushed_L3.features.json,dataset/speech_04/ideal.wav,25.0,27.37,2.37,57.37,Severe rush: 2.10x frantic pace degrading consonant articulation
speech_04_monotone_L1,speech_04,Dr. Shashi Tharoor,Indian English (Male),Contrastive Flaw,monotone_pitch,L1,dataset/speech_04/flawed_monotone_L1.wav,dataset/speech_04/transcript.txt,dataset/speech_04/flawed_monotone_L1.aligned.json,dataset/speech_04/flawed_monotone_L1.features.json,dataset/speech_04/ideal.wav,32.0,38.0,6.0,60.0,Mild pitch flattening: F0 standard deviation compressed to 55%
speech_04_monotone_L2,speech_04,Dr. Shashi Tharoor,Indian English (Male),Contrastive Flaw,monotone_pitch,L2,dataset/speech_04/flawed_monotone_L2.wav,dataset/speech_04/transcript.txt,dataset/speech_04/flawed_monotone_L2.aligned.json,dataset/speech_04/flawed_monotone_L2.features.json,dataset/speech_04/ideal.wav,32.0,38.0,6.0,60.0,Moderate robotic delivery: F0 standard deviation compressed to 30%
speech_04_monotone_L3,speech_04,Dr. Shashi Tharoor,Indian English (Male),Contrastive Flaw,monotone_pitch,L3,dataset/speech_04/flawed_monotone_L3.wav,dataset/speech_04/transcript.txt,dataset/speech_04/flawed_monotone_L3.aligned.json,dataset/speech_04/flawed_monotone_L3.features.json,dataset/speech_04/ideal.wav,32.0,38.0,6.0,60.0,Severe affective collapse: F0 clamped to rigid flatline (10% variance)
speech_05_ideal,speech_05,Andrew Ng,US English (Male),Ideal Baseline,none,L0,dataset/speech_05/ideal.wav,dataset/speech_05/transcript.txt,dataset/speech_05/ideal.aligned.json,dataset/speech_05/ideal.features.json,dataset/speech_05/ideal.wav,0.0,0.0,0.0,60.0,Reference exemplar cadence and prosody baseline
speech_05_pause_L1,speech_05,Andrew Ng,US English (Male),Contrastive Flaw,errant_pause,L1,dataset/speech_05/flawed_pause_L1.wav,dataset/speech_05/transcript.txt,dataset/speech_05/flawed_pause_L1.aligned.json,dataset/speech_05/flawed_pause_L1.features.json,dataset/speech_05/ideal.wav,18.0,19.2,1.2,61.2,Mild hesitation: 1.20s unnatural pause inserted mid-clause
speech_05_pause_L2,speech_05,Andrew Ng,US English (Male),Contrastive Flaw,errant_pause,L2,dataset/speech_05/flawed_pause_L2.wav,dataset/speech_05/transcript.txt,dataset/speech_05/flawed_pause_L2.aligned.json,dataset/speech_05/flawed_pause_L2.features.json,dataset/speech_05/ideal.wav,18.0,20.2,2.2,62.2,Moderate disruption: 2.20s disfluent hesitation interrupting syntax
speech_05_pause_L3,speech_05,Andrew Ng,US English (Male),Contrastive Flaw,errant_pause,L3,dataset/speech_05/flawed_pause_L3.wav,dataset/speech_05/transcript.txt,dataset/speech_05/flawed_pause_L3.aligned.json,dataset/speech_05/flawed_pause_L3.features.json,dataset/speech_05/ideal.wav,18.0,21.8,3.8,63.8,Severe cadence breakdown: 3.80s dead air arresting rhetorical flow
speech_05_rushed_L1,speech_05,Andrew Ng,US English (Male),Contrastive Flaw,rushed_delivery,L1,dataset/speech_05/flawed_rushed_L1.wav,dataset/speech_05/transcript.txt,dataset/speech_05/flawed_rushed_L1.aligned.json,dataset/speech_05/flawed_rushed_L1.features.json,dataset/speech_05/ideal.wav,25.0,28.85,3.85,58.85,Mild acceleration: 1.30x speedup across sentence core
speech_05_rushed_L2,speech_05,Andrew Ng,US English (Male),Contrastive Flaw,rushed_delivery,L2,dataset/speech_05/flawed_rushed_L2.wav,dataset/speech_05/transcript.txt,dataset/speech_05/flawed_rushed_L2.aligned.json,dataset/speech_05/flawed_rushed_L2.features.json,dataset/speech_05/ideal.wav,25.0,28.12,3.12,58.12,Moderate compression: 1.60x speedup causing syllabic slur
speech_05_rushed_L3,speech_05,Andrew Ng,US English (Male),Contrastive Flaw,rushed_delivery,L3,dataset/speech_05/flawed_rushed_L3.wav,dataset/speech_05/transcript.txt,dataset/speech_05/flawed_rushed_L3.aligned.json,dataset/speech_05/flawed_rushed_L3.features.json,dataset/speech_05/ideal.wav,25.0,27.37,2.37,57.37,Severe rush: 2.10x frantic pace degrading consonant articulation
speech_05_monotone_L1,speech_05,Andrew Ng,US English (Male),Contrastive Flaw,monotone_pitch,L1,dataset/speech_05/flawed_monotone_L1.wav,dataset/speech_05/transcript.txt,dataset/speech_05/flawed_monotone_L1.aligned.json,dataset/speech_05/flawed_monotone_L1.features.json,dataset/speech_05/ideal.wav,32.0,38.0,6.0,60.0,Mild pitch flattening: F0 standard deviation compressed to 55%
speech_05_monotone_L2,speech_05,Andrew Ng,US English (Male),Contrastive Flaw,monotone_pitch,L2,dataset/speech_05/flawed_monotone_L2.wav,dataset/speech_05/transcript.txt,dataset/speech_05/flawed_monotone_L2.aligned.json,dataset/speech_05/flawed_monotone_L2.features.json,dataset/speech_05/ideal.wav,32.0,38.0,6.0,60.0,Moderate robotic delivery: F0 standard deviation compressed to 30%
speech_05_monotone_L3,speech_05,Andrew Ng,US English (Male),Contrastive Flaw,monotone_pitch,L3,dataset/speech_05/flawed_monotone_L3.wav,dataset/speech_05/transcript.txt,dataset/speech_05/flawed_monotone_L3.aligned.json,dataset/speech_05/flawed_monotone_L3.features.json,dataset/speech_05/ideal.wav,32.0,38.0,6.0,60.0,Severe affective collapse: F0 clamped to rigid flatline (10% variance)
speech_06_ideal,speech_06,Chimamanda Ngozi Adichie,Nigerian English (Female),Ideal Baseline,none,L0,dataset/speech_06/ideal.wav,dataset/speech_06/transcript.txt,dataset/speech_06/ideal.aligned.json,dataset/speech_06/ideal.features.json,dataset/speech_06/ideal.wav,0.0,0.0,0.0,60.0,Reference exemplar cadence and prosody baseline
speech_06_pause_L1,speech_06,Chimamanda Ngozi Adichie,Nigerian English (Female),Contrastive Flaw,errant_pause,L1,dataset/speech_06/flawed_pause_L1.wav,dataset/speech_06/transcript.txt,dataset/speech_06/flawed_pause_L1.aligned.json,dataset/speech_06/flawed_pause_L1.features.json,dataset/speech_06/ideal.wav,18.0,19.2,1.2,61.2,Mild hesitation: 1.20s unnatural pause inserted mid-clause
speech_06_pause_L2,speech_06,Chimamanda Ngozi Adichie,Nigerian English (Female),Contrastive Flaw,errant_pause,L2,dataset/speech_06/flawed_pause_L2.wav,dataset/speech_06/transcript.txt,dataset/speech_06/flawed_pause_L2.aligned.json,dataset/speech_06/flawed_pause_L2.features.json,dataset/speech_06/ideal.wav,18.0,20.2,2.2,62.2,Moderate disruption: 2.20s disfluent hesitation interrupting syntax
speech_06_pause_L3,speech_06,Chimamanda Ngozi Adichie,Nigerian English (Female),Contrastive Flaw,errant_pause,L3,dataset/speech_06/flawed_pause_L3.wav,dataset/speech_06/transcript.txt,dataset/speech_06/flawed_pause_L3.aligned.json,dataset/speech_06/flawed_pause_L3.features.json,dataset/speech_06/ideal.wav,18.0,21.8,3.8,63.8,Severe cadence breakdown: 3.80s dead air arresting rhetorical flow
speech_06_rushed_L1,speech_06,Chimamanda Ngozi Adichie,Nigerian English (Female),Contrastive Flaw,rushed_delivery,L1,dataset/speech_06/flawed_rushed_L1.wav,dataset/speech_06/transcript.txt,dataset/speech_06/flawed_rushed_L1.aligned.json,dataset/speech_06/flawed_rushed_L1.features.json,dataset/speech_06/ideal.wav,25.0,28.85,3.85,58.85,Mild acceleration: 1.30x speedup across sentence core
speech_06_rushed_L2,speech_06,Chimamanda Ngozi Adichie,Nigerian English (Female),Contrastive Flaw,rushed_delivery,L2,dataset/speech_06/flawed_rushed_L2.wav,dataset/speech_06/transcript.txt,dataset/speech_06/flawed_rushed_L2.aligned.json,dataset/speech_06/flawed_rushed_L2.features.json,dataset/speech_06/ideal.wav,25.0,28.12,3.12,58.12,Moderate compression: 1.60x speedup causing syllabic slur
speech_06_rushed_L3,speech_06,Chimamanda Ngozi Adichie,Nigerian English (Female),Contrastive Flaw,rushed_delivery,L3,dataset/speech_06/flawed_rushed_L3.wav,dataset/speech_06/transcript.txt,dataset/speech_06/flawed_rushed_L3.aligned.json,dataset/speech_06/flawed_rushed_L3.features.json,dataset/speech_06/ideal.wav,25.0,27.37,2.37,57.37,Severe rush: 2.10x frantic pace degrading consonant articulation
speech_06_monotone_L1,speech_06,Chimamanda Ngozi Adichie,Nigerian English (Female),Contrastive Flaw,monotone_pitch,L1,dataset/speech_06/flawed_monotone_L1.wav,dataset/speech_06/transcript.txt,dataset/speech_06/flawed_monotone_L1.aligned.json,dataset/speech_06/flawed_monotone_L1.features.json,dataset/speech_06/ideal.wav,32.0,38.0,6.0,60.0,Mild pitch flattening: F0 standard deviation compressed to 55%
speech_06_monotone_L2,speech_06,Chimamanda Ngozi Adichie,Nigerian English (Female),Contrastive Flaw,monotone_pitch,L2,dataset/speech_06/flawed_monotone_L2.wav,dataset/speech_06/transcript.txt,dataset/speech_06/flawed_monotone_L2.aligned.json,dataset/speech_06/flawed_monotone_L2.features.json,dataset/speech_06/ideal.wav,32.0,38.0,6.0,60.0,Moderate robotic delivery: F0 standard deviation compressed to 30%
speech_06_monotone_L3,speech_06,Chimamanda Ngozi Adichie,Nigerian English (Female),Contrastive Flaw,monotone_pitch,L3,dataset/speech_06/flawed_monotone_L3.wav,dataset/speech_06/transcript.txt,dataset/speech_06/flawed_monotone_L3.aligned.json,dataset/speech_06/flawed_monotone_L3.features.json,dataset/speech_06/ideal.wav,32.0,38.0,6.0,60.0,Severe affective collapse: F0 clamped to rigid flatline (10% variance)
